﻿League,Team,Avg Away Attendance,Total Away Attendance,Highest Away Attendance,Lowest Away Attendance,Season,KEY
Premier League,AFC Bournemouth,"40,073","761,385","74,798","20,228",2017/18,Premier League|AFC Bournemouth|2017/18
Premier League,Leicester City,"39,117","743,229","77,841","10,444",2017/18,Premier League|Leicester City|2017/18
Premier League,Huddersfield Town,"39,088","742,669","74,742","10,879",2017/18,Premier League|Huddersfield Town|2017/18
Premier League,Burnley,"38,967","740,365","75,046","10,302",2017/18,Premier League|Burnley|2017/18
Premier League,Swansea City,"38,732","735,913","75,038","10,820",2017/18,Premier League|Swansea City|2017/18
Premier League,West Bromwich Albion,"38,658","734,498","75,095","10,242",2017/18,Premier League|West Bromwich Albion|2017/18
Premier League,Chelsea,"38,607","733,526","75,060","10,998",2017/18,Premier League|Chelsea|2017/18
Premier League,Everton,"38,566","732,751","76,251","10,497",2017/18,Premier League|Everton|2017/18
Premier League,Crystal Palace,"38,548","732,403","75,118","10,730",2017/18,Premier League|Crystal Palace|2017/18
Premier League,Liverpool,"38,490","731,311","80,827","10,780",2017/18,Premier League|Liverpool|2017/18
Premier League,Arsenal,"38,381","729,232","83,222","10,836",2017/18,Premier League|Arsenal|2017/18
Premier League,Manchester City,"38,308","727,852","80,811","10,419",2017/18,Premier League|Manchester City|2017/18
Premier League,Stoke City,"38,226","726,287","74,726","10,614",2017/18,Premier League|Stoke City|2017/18
Premier League,Watford,"38,205","725,901","75,049","10,501",2017/18,Premier League|Watford|2017/18
Premier League,Southampton,"38,037","722,704","75,051","10,764",2017/18,Premier League|Southampton|2017/18
Premier League,Brighton & Hove Albion,"37,479","712,109","75,018","10,369",2017/18,Premier League|Brighton & Hove Albion|2017/18
Premier League,Manchester United,"37,462","711,771","81,978","10,952",2017/18,Premier League|Manchester United|2017/18
Premier League,Newcastle United,"37,135","705,566","75,035","10,808",2017/18,Premier League|Newcastle United|2017/18
Premier League,Tottenham Hotspur,"36,886","700,828","75,034","10,623",2017/18,Premier League|Tottenham Hotspur|2017/18
Premier League,West Ham United,"36,498","693,470","74,928","10,596",2017/18,Premier League|West Ham United|2017/18
Bundesliga,Bayern Munich,"46,996","798,924","81,360","24,000",2017/18,Bundesliga|Bayern Munich|2017/18
Bundesliga,Werder Bremen,"46,765","795,001","81,160","24,000",2017/18,Bundesliga|Werder Bremen|2017/18
Bundesliga,Hamburger SV,"46,114","783,938","81,360","24,000",2017/18,Bundesliga|Hamburger SV|2017/18
Bundesliga,Borussia Dortmund,"45,920","780,645","75,000","24,000",2017/18,Bundesliga|Borussia Dortmund|2017/18
Bundesliga,FC Schalke 04,"45,674","776,455","80,179","24,000",2017/18,Bundesliga|FC Schalke 04|2017/18
Bundesliga,RB Leipzig,"45,546","774,274","80,100","22,827",2017/18,Bundesliga|RB Leipzig|2017/18
Bundesliga,"Borussia M'gladbach","45,224","768,814","81,360","23,800",2017/18,"Bundesliga|Borussia M'gladbach|2017/18"
Bundesliga,1. FC Koln,"45,139","767,370","81,000","24,000",2017/18,Bundesliga|1. FC Koln|2017/18
Bundesliga,SC Freiburg,"45,044","765,753","81,360","23,744",2017/18,Bundesliga|SC Freiburg|2017/18
Bundesliga,Hertha BSC,"44,952","764,186","80,860","23,517",2017/18,Bundesliga|Hertha BSC|2017/18
Bundesliga,VfB Stuttgart,"44,399","754,787","81,360","24,000",2017/18,Bundesliga|VfB Stuttgart|2017/18
Bundesliga,Eintracht Frankfurt,"44,092","749,556","81,360","24,000",2017/18,Bundesliga|Eintracht Frankfurt|2017/18
Bundesliga,TSG 1899 Hoffenheim,"43,891","746,147","81,000","23,477",2017/18,Bundesliga|TSG 1899 Hoffenheim|2017/18
Bundesliga,Hannover 96,"43,525","739,924","81,360","22,900",2017/18,Bundesliga|Hannover 96|2017/18
Bundesliga,Bayer Leverkusen,"43,523","739,891","81,360","24,000",2017/18,Bundesliga|Bayer Leverkusen|2017/18
Bundesliga,1. FSV Mainz 05,"43,065","732,097","81,360","24,000",2017/18,Bundesliga|1. FSV Mainz 05|2017/18
Bundesliga,VfL Wolfsburg,"42,684","725,634","80,600","24,000",2017/18,Bundesliga|VfL Wolfsburg|2017/18
Bundesliga,FC Augsburg,"41,716","709,166","75,000","23,512",2017/18,Bundesliga|FC Augsburg|2017/18
La Liga,Real Madrid,"31,594","600,284","97,939","6,707",2017/18,La Liga|Real Madrid|2017/18
La Liga,Barcelona,"30,505","579,603","80,264","6,760",2017/18,La Liga|Barcelona|2017/18
La Liga,Atletico Madrid,"29,647","563,290","90,356","6,186",2017/18,La Liga|Atletico Madrid|2017/18
La Liga,Sevilla,"29,111","553,114","76,924","5,311",2017/18,La Liga|Sevilla|2017/18
La Liga,Malaga,"28,565","542,728","75,671","4,520",2017/18,La Liga|Malaga|2017/18
La Liga,Real Sociedad,"28,125","534,369","84,168","6,233",2017/18,La Liga|Real Sociedad|2017/18
La Liga,Athletic Bilbao,"27,975","531,519","84,053","5,932",2017/18,La Liga|Athletic Bilbao|2017/18
La Liga,Eibar,"27,828","528,729","66,781","9,317",2017/18,La Liga|Eibar|2017/18
La Liga,Valencia,"27,593","524,273","69,544","5,219",2017/18,La Liga|Valencia|2017/18
La Liga,Villarreal,"27,312","518,920","63,403","4,056",2017/18,La Liga|Villarreal|2017/18
La Liga,Girona FC,"27,029","513,543","85,417","4,867",2017/18,La Liga|Girona FC|2017/18
La Liga,Celta Vigo,"26,486","503,239","63,208","5,345",2017/18,La Liga|Celta Vigo|2017/18
La Liga,Levante,"26,169","497,218","67,789","5,131",2017/18,La Liga|Levante|2017/18
La Liga,Deportivo La Coruna,"26,127","496,413","63,504","5,097",2017/18,La Liga|Deportivo La Coruna|2017/18
La Liga,CD Alaves,"26,068","495,296","75,181","5,754",2017/18,La Liga|CD Alaves|2017/18
La Liga,CD Leganes,"25,891","491,938","72,126","4,986",2017/18,La Liga|CD Leganes|2017/18
La Liga,Espanyol,"25,795","490,098","72,857","4,693",2017/18,La Liga|Espanyol|2017/18
La Liga,Real Betis,"25,673","487,784","65,102","4,638",2017/18,La Liga|Real Betis|2017/18
La Liga,Getafe,"25,528","485,040","75,681","4,624",2017/18,La Liga|Getafe|2017/18
La Liga,Las Palmas,"23,473","445,992","67,120",1,2017/18,La Liga|Las Palmas|2017/18
French Ligue 1,Paris Saint-Germain,"29,502","560,538","60,410","11,676",2017/18,French Ligue 1|Paris Saint-Germain|2017/18
French Ligue 1,Olympique Marseille,"26,919","511,469","57,206","11,698",2017/18,French Ligue 1|Olympique Marseille|2017/18
French Ligue 1,Olympique Lyonnais,"24,477","465,066","60,009","9,130",2017/18,French Ligue 1|Olympique Lyonnais|2017/18
French Ligue 1,AS Monaco,"23,813","452,443","51,279","9,821",2017/18,French Ligue 1|AS Monaco|2017/18
French Ligue 1,AS Saint-Etienne,"22,820","433,587","58,069","9,255",2017/18,French Ligue 1|AS Saint-Etienne|2017/18
French Ligue 1,FC Metz,"22,504","427,579","53,921","6,333",2017/18,French Ligue 1|FC Metz|2017/18
French Ligue 1,OGC Nice,"22,201","421,822","56,953","7,922",2017/18,French Ligue 1|OGC Nice|2017/18
French Ligue 1,FC Nantes,"22,181","421,435","50,443","8,557",2017/18,French Ligue 1|FC Nantes|2017/18
French Ligue 1,En Avant Guingamp,"22,165","421,130","47,759","7,066",2017/18,French Ligue 1|En Avant Guingamp|2017/18
French Ligue 1,Girondins De Bordeaux,"22,009","418,163","47,537","7,419",2017/18,French Ligue 1|Girondins De Bordeaux|2017/18
French Ligue 1,Lille OSC,"21,878","415,687","51,098","7,147",2017/18,French Ligue 1|Lille OSC|2017/18
French Ligue 1,Dijon FCO,"21,658","411,505","50,904","6,418",2017/18,French Ligue 1|Dijon FCO|2017/18
French Ligue 1,Stade Rennes,"21,642","411,204","47,352","7,542",2017/18,French Ligue 1|Stade Rennes|2017/18
French Ligue 1,Troyes AC,"21,602","410,438","54,274","8,046",2017/18,French Ligue 1|Troyes AC|2017/18
French Ligue 1,Toulouse,"21,412","406,835","48,548","1,060",2017/18,French Ligue 1|Toulouse|2017/18
French Ligue 1,Angers SCO,"21,306","404,818","51,966","6,545",2017/18,French Ligue 1|Angers SCO|2017/18
French Ligue 1,Montpellier HSC,"20,958","398,204","47,651","7,053",2017/18,French Ligue 1|Montpellier HSC|2017/18
French Ligue 1,SC Amiens,"22,086","397,541","56,120","8,164",2017/18,French Ligue 1|SC Amiens|2017/18
French Ligue 1,Caen,"20,701","393,324","47,687","8,040",2017/18,French Ligue 1|Caen|2017/18
French Ligue 1,RC Strasbourg,"20,496","389,419","47,059","8,310",2017/18,French Ligue 1|RC Strasbourg|2017/18
Eredivisie,Willem II Tilburg,"48,501","824,525","513,500","4,400",2017/18,Eredivisie|Willem II Tilburg|2017/18
Eredivisie,PSV Eindhoven,"19,647","333,999","52,379","4,400",2017/18,Eredivisie|PSV Eindhoven|2017/18
Eredivisie,PEC Zwolle,"19,605","333,290","50,902","4,069",2017/18,Eredivisie|PEC Zwolle|2017/18
Eredivisie,VVV Venlo,"19,481","331,178","52,145","3,704",2017/18,Eredivisie|VVV Venlo|2017/18
Eredivisie,FC Twente,"19,388","329,604","52,443","4,369",2017/18,Eredivisie|FC Twente|2017/18
Eredivisie,SBV Excelsior,"19,328","328,568","51,695","6,021",2017/18,Eredivisie|SBV Excelsior|2017/18
Eredivisie,Vitesse Arnhem,"19,309","328,261","51,236","4,100",2017/18,Eredivisie|Vitesse Arnhem|2017/18
Eredivisie,ADO Den Haag,"19,278","327,734","52,822","4,400",2017/18,Eredivisie|ADO Den Haag|2017/18
Eredivisie,Heracles Almelo,"19,205","326,479","52,495","4,065",2017/18,Eredivisie|Heracles Almelo|2017/18
Eredivisie,AFC Ajax,"19,090","324,524","47,500","4,400",2017/18,Eredivisie|AFC Ajax|2017/18
Eredivisie,FC Utrecht,"18,944","322,046","51,758","3,997",2017/18,Eredivisie|FC Utrecht|2017/18
Eredivisie,Sparta Rotterdam,"18,920","321,635","51,567","4,400",2017/18,Eredivisie|Sparta Rotterdam|2017/18
Eredivisie,NAC Breda,"18,866","320,715","51,886","3,876",2017/18,Eredivisie|NAC Breda|2017/18
Eredivisie,Roda JC Kerkrade,"18,763","318,978","51,000","4,086",2017/18,Eredivisie|Roda JC Kerkrade|2017/18
Eredivisie,Feyenoord,"18,744","318,655","53,320","4,400",2017/18,Eredivisie|Feyenoord|2017/18
Eredivisie,FC Groningen,"18,440","313,484","51,152","3,808",2017/18,Eredivisie|FC Groningen|2017/18
Eredivisie,SC Heerenveen,"18,083","307,417","52,523","4,034",2017/18,Eredivisie|SC Heerenveen|2017/18
Eredivisie,AZ Alkmaar,"18,023","306,388","45,000","4,218",2017/18,Eredivisie|AZ Alkmaar|2017/18
Serie A,Juventus,"33,476","636,043","78,328","13,135",2017/18,Serie A|Juventus|2017/18
Serie A,Internazionale,"29,622","562,814","77,512","7,142",2017/18,Serie A|Internazionale|2017/18
Serie A,Chievo,"27,485","522,221","58,262","8,712",2017/18,Serie A|Chievo|2017/18
Serie A,AS Roma,"25,916","492,402","61,698","10,000",2017/18,Serie A|AS Roma|2017/18
Serie A,AC Milan,"25,771","489,654","78,328","7,300",2017/18,Serie A|AC Milan|2017/18
Serie A,Benevento,"25,462","483,787","49,137","8,827",2017/18,Serie A|Benevento|2017/18
Serie A,Sassuolo,"25,404","482,681","66,876","8,000",2017/18,Serie A|Sassuolo|2017/18
Serie A,FC Crotone,"25,029","475,558","51,382","8,319",2017/18,Serie A|FC Crotone|2017/18
Serie A,Sampdoria,"24,944","473,945","54,451","8,738",2017/18,Serie A|Sampdoria|2017/18
Serie A,Napoli,"24,822","471,620","65,786","7,300",2017/18,Serie A|Napoli|2017/18
Serie A,SS Lazio,"24,513","465,747","61,852","8,582",2017/18,Serie A|SS Lazio|2017/18
Serie A,Torino,"24,424","464,060","71,581","8,000",2017/18,Serie A|Torino|2017/18
Serie A,SPAL,"24,029","456,543","57,235","8,000",2017/18,Serie A|SPAL|2017/18
Serie A,Fiorentina,"23,490","446,310","56,968","7,300",2017/18,Serie A|Fiorentina|2017/18
Serie A,Udinese,"22,771","432,653","52,011","7,142",2017/18,Serie A|Udinese|2017/18
Serie A,Atalanta,"22,645","430,262","52,177","8,795",2017/18,Serie A|Atalanta|2017/18
Serie A,Hellas Verona,"22,591","429,225","60,230","7,300",2017/18,Serie A|Hellas Verona|2017/18
Serie A,Cagliari,"22,537","428,202","49,525","3,830",2017/18,Serie A|Cagliari|2017/18
Serie A,Genoa,"22,465","426,829","50,037","8,134",2017/18,Serie A|Genoa|2017/18
Serie A,Bologna,"21,926","394,674","46,915","7,000",2017/18,Serie A|Bologna|2017/18
Scottish Premiership,Kilmarnock,"20,535","390,165","58,060","2,950",2017/18,Scottish Premiership|Kilmarnock|2017/18
Scottish Premiership,Heart of Midlothian,"19,500","390,007","58,843","2,077",2017/18,Scottish Premiership|Heart of Midlothian|2017/18
Scottish Premiership,Aberdeen,"18,209","345,980","58,975","2,911",2017/18,Scottish Premiership|Aberdeen|2017/18
Scottish Premiership,Hibernian,"18,092","343,742","59,259","2,945",2017/18,Scottish Premiership|Hibernian|2017/18
Scottish Premiership,Rangers,"16,707","317,434","59,004","5,400",2017/18,Scottish Premiership|Rangers|2017/18
Scottish Premiership,Dundee,"16,539","314,233","57,610","1,694",2017/18,Scottish Premiership|Dundee|2017/18
Scottish Premiership,Celtic,"15,894","301,985","50,215","4,851",2017/18,Scottish Premiership|Celtic|2017/18
Scottish Premiership,St Johnstone,"15,042","285,797","58,446","1,451",2017/18,Scottish Premiership|St Johnstone|2017/18
Scottish Premiership,Ross County,"13,385","254,313","58,765","1,272",2017/18,Scottish Premiership|Ross County|2017/18
Scottish Premiership,Partick Thistle,"12,350","234,649","54,187","2,236",2017/18,Scottish Premiership|Partick Thistle|2017/18
Scottish Premiership,Motherwell,"12,645","227,610","57,817","2,409",2017/18,Scottish Premiership|Motherwell|2017/18
Scottish Premiership,Hamilton Academical,"11,898","226,067","53,883","2,037",2017/18,Scottish Premiership|Hamilton Academical|2017/18
